Symbol,Series,ISIN
20MICRONS,EQ,INE144J01027
3IINFOTECH,EQ,INE748C01020
3MINDIA,EQ,INE470A01017
63MOONS,EQ,INE111B01023
8KMILES,EQ,INE650K01021
A2ZINFRA,EQ,INE619I01012
AARTIDRUGS,EQ,INE767A01016
AARTIIND,EQ,INE769A01020
AARVEEDEN,BE,INE273D01019
AARVI,SM,INE754X01016
ABAN,EQ,INE421A01028
ABB,EQ,INE117A01022
ABBOTINDIA,EQ,INE358A01014
ABCAPITAL,EQ,INE674K01013
ABFRL,EQ,INE647O01011
ABGSHIP,BZ,INE067H01016
ABMINTLTD,BE,INE251C01017
ACC,EQ,INE012A01025
ACCELYA,EQ,INE793A01012
ACCORD,SM,INE113X01015
ACE,EQ,INE731H01025
ACEINTEG,SM,INE543V01017
ADANIENT,EQ,INE423A01024
ADANIPORTS,EQ,INE742F01042
ADANIPOWER,EQ,INE814H01011
ADANITRANS,EQ,INE931S01010
ADFFOODS,EQ,INE982B01019
ADHUNIK,EQ,INE400H01019
ADHUNIKIND,EQ,INE452L01012
ADLABS,EQ,INE172N01012
ADORWELD,EQ,INE045A01017
ADSL,EQ,INE102I01027
ADVANIHOTR,EQ,INE199C01026
ADVENZYMES,EQ,INE837H01020
AEGISCHEM,EQ,INE208C01025
AGARIND,BE,INE204E01012
AGCNET,EQ,INE676A01019
AGLSL,EQ,INE517U01013
AGRITECH,EQ,INE449G01018
AGROPHOS,SM,INE740V01019
AHLEAST,EQ,INE926K01017
AHLUCONT,EQ,INE758C01029
AHLWEST,EQ,INE915K01010
AIAENG,EQ,INE212H01026
AIFL,EQ,INE428O01016
AIRAN,SM,INE645W01018
AIROLAM,SM,INE801L01010
AJANTPHARM,EQ,INE031B01049
AJMERA,EQ,INE298G01027
AKSHARCHEM,EQ,INE542B01011
AKSHOPTFBR,EQ,INE523B01011
AKZOINDIA,EQ,INE133A01011
ALANKIT,EQ,INE914E01040
ALBERTDAVD,EQ,INE155C01010
ALBK,EQ,INE428A01015
ALCHEM,EQ,INE964B01033
ALEMBICLTD,EQ,INE426A01027
ALICON,EQ,INE062D01024
ALKALI,BE,INE773I01017
ALKEM,EQ,INE540L01014
ALKYLAMINE,EQ,INE150B01021
ALLCARGO,EQ,INE418H01029
ALLSEC,EQ,INE835G01018
ALMONDZ,EQ,INE326B01027
ALOKTEXT,EQ,INE270A01011
ALPA,EQ,INE385I01010
ALPHAGEO,EQ,INE137C01018
ALPSINDUS,EQ,INE093B01015
AMARAJABAT,EQ,INE885A01032
AMBIKCO,EQ,INE540G01014
AMBUJACEM,EQ,INE079A01024
AMDIND,EQ,INE005I01014
AMRUTANJAN,EQ,INE098F01023
AMTEKAUTO,EQ,INE130C01021
ANANTRAJ,EQ,INE242C01024
ANDHRABANK,EQ,INE434A01013
ANDHRACEMT,BE,INE666E01012
ANDHRSUGAR,EQ,INE715B01013
ANGIND,BE,INE017D01010
ANIKINDS,EQ,INE087B01017
ANSALAPI,EQ,INE436A01026
ANSALHSG,EQ,INE880B01015
ANTGRAPHIC,BE,INE414B01021
APARINDS,EQ,INE372A01015
APCL,EQ,INE071F01012
APCOTEXIND,EQ,INE116A01024
APEX,EQ,INE346W01013
APLAPOLLO,EQ,INE702C01019
APLLTD,EQ,INE901L01018
APOLLOHOSP,EQ,INE437A01024
APOLLOTYRE,EQ,INE438A01022
APOLSINHOT,EQ,INE451F01016
APTECHT,EQ,INE266F01018
ARCHIDPLY,EQ,INE877I01016
ARCHIES,EQ,INE731A01020
ARCOTECH,EQ,INE574I01035
ARIES,EQ,INE298I01015
ARIHANTSUP,EQ,INE643K01018
ARMANFIN,EQ,INE109C01017
AROGRANITE,EQ,INE210C01013
ARROWGREEN,EQ,INE570D01018
ARROWTEX,EQ,INE933J01015
ARSHIYA,EQ,INE968D01022
ARSSINFRA,EQ,INE267I01010
ARTNIRMAN,SM,INE738V01013
ARVIND,EQ,INE034A01011
ARVSMART,EQ,INE034S01021
ASAHIINDIA,EQ,INE439A01020
ASAHISONG,EQ,INE228I01012
ASAL,EQ,INE900C01027
ASHAPURMIN,EQ,INE348A01023
ASHIANA,EQ,INE365D01021
ASHIMASYN,EQ,INE440A01010
ASHOKA,EQ,INE442H01029
ASHOKLEY,EQ,INE208A01029
ASIANHOTNR,EQ,INE363A01022
ASIANPAINT,EQ,INE021A01026
ASIANTILES,EQ,INE022I01019
ASLIND,SM,INE617I01024
ASPINWALL,EQ,INE991I01015
ASSAMCO,EQ,INE442A01024
ASTEC,EQ,INE563J01010
ASTRAL,EQ,INE006I01046
ASTRAMICRO,EQ,INE386C01029
ASTRAZEN,EQ,INE203A01020
ATFL,EQ,INE209A01019
ATLANTA,EQ,INE285H01022
ATLASCYCLE,BE,INE446A01017
ATUL,EQ,INE100A01010
ATULAUTO,EQ,INE951D01028
AUBANK,EQ,INE949L01017
AURDIS,SM,INE448V01019
AURIONPRO,EQ,INE132H01018
AUROPHARMA,EQ,INE406A01037
AUSOMENT,EQ,INE218C01016
AUTOAXLES,EQ,INE449A01011
AUTOIND,BE,INE718H01014
AUTOLITIND,BE,INE448A01013
AVADHSUGAR,BE,INE349W01017
AVANTIFEED,EQ,INE871C01020
AVTNPL,EQ,INE488D01021
AXISBANK,EQ,INE238A01034
AXISCADES,EQ,INE555B01013
AXISGOLD,EQ,INF846K01347
AXISNIFTY,EQ,INF846K01ZL0
AYMSYNTEX,EQ,INE193B01039
BAFNAPHARM,BE,INE878I01014
BAGFILMS,EQ,INE116D01028
BAJAJ-AUTO,EQ,INE917I01010
BAJAJCORP,EQ,INE933K01021
BAJAJELEC,EQ,INE193E01025
BAJAJFINSV,EQ,INE918I01018
BAJAJHIND,EQ,INE306A01021
BAJAJHLDNG,EQ,INE118A01012
BAJFINANCE,EQ,INE296A01024
BALAJITELE,EQ,INE794B01026
BALAMINES,EQ,INE050E01027
BALKRISHNA,EQ,INE875R01011
BALKRISIND,EQ,INE787D01026
BALLARPUR,EQ,INE294A01037
BALMLAWRIE,EQ,INE164A01016
BALPHARMA,EQ,INE083D01012
BALRAMCHIN,EQ,INE119A01028
BANARBEADS,EQ,INE655B01011
BANARISUG,EQ,INE459A01010
BANCOINDIA,EQ,INE213C01025
BANG,EQ,INE863I01016
BANKBARODA,EQ,INE028A01039
BANKBEES,EQ,INF732E01078
BANKINDIA,EQ,INE084A01016
BANSAL,SM,INE668X01018
BANSWRAS,EQ,INE629D01012
BARTRONICS,EQ,INE855F01034
BASF,EQ,INE373A01013
BASML,EQ,INE186H01014
BATAINDIA,EQ,INE176A01028
BAYERCROP,EQ,INE462A01022
BBL,EQ,INE464A01028
BBTC,EQ,INE050A01025
BEARDSELL,EQ,INE520H01022
BEDMUTHA,EQ,INE844K01012
BEL,EQ,INE263A01024
BEML,EQ,INE258A01016
BEPL,EQ,INE922A01025
BERGEPAINT,EQ,INE463A01038
BETA,SM,INE351Y01019
BFINVEST,EQ,INE878K01010
BFUTILITIE,EQ,INE243D01012
BGLOBAL,BE,INE224M01013
BGRENERGY,EQ,INE661I01014
BHAGERIA,EQ,INE354C01027
BHAGYANGR,EQ,INE458B01036
BHAGYAPROP,EQ,INE363W01018
BHANDARI,EQ,INE474E01029
BHARATFIN,EQ,INE180K01011
BHARATFORG,EQ,INE465A01025
BHARATGEAR,EQ,INE561C01019
BHARATIDIL,BE,INE673G01013
BHARATRAS,EQ,INE838B01013
BHARATWIRE,EQ,INE316L01019
BHARTIARTL,EQ,INE397D01024
BHEL,EQ,INE257A01026
BHUSANSTL,EQ,INE824B01021
BIGBLOC,EQ,INE412U01017
BIL,EQ,INE828A01016
BILPOWER,EQ,INE952D01018
BINANIIND,EQ,INE071A01013
BINDALAGRO,EQ,INE143A01010
BIOCON,EQ,INE376G01013
BIOFILCHEM,BE,INE829A01014
BIRLACABLE,EQ,INE800A01015
BIRLACORPN,EQ,INE340A01012
BIRLAMONEY,EQ,INE865C01022
BLBLIMITED,BE,INE791A01024
BLISSGVS,EQ,INE416D01022
BLKASHYAP,EQ,INE350H01032
BLS,EQ,INE153T01027
BLUEBLENDS,EQ,INE113O01014
BLUECOAST,EQ,INE472B01011
BLUEDART,EQ,INE233B01017
BLUEDART,N1,INE233B08087
BLUEDART,N2,INE233B08095
BLUEDART,N3,INE233B08103
BLUESTARCO,EQ,INE472A01039
BODALCHEM,EQ,INE338D01028
BOHRA,SM,INE802W01015
BOMDYEING,EQ,INE032A01023
BOSCHLTD,EQ,INE323A01026
BPCL,EQ,INE029A01011
BPL,EQ,INE110A01019
BRFL,EQ,INE589G01011
BRIGADE,EQ,INE791I01019
BRITANNIA,EQ,INE216A01022
BRNL,EQ,INE727S01012
BROOKS,EQ,INE650L01011
BSE,EQ,INE118H01025
BSELINFRA,EQ,INE395A01016
BSL,EQ,INE594B01012
BSLGOLDETF,EQ,INF209K01HT2
BSLIMITED,BE,INE043K01029
BSLNIFTY,EQ,INF209K01IR4
BURNPUR,EQ,INE817H01014
BUTTERFLY,EQ,INE295F01017
BVCL,BE,INE139I01011
BYKE,EQ,INE319B01014
CADILAHC,EQ,INE010B01027
CADSYS,SM,INE090Y01013
CALSOFT,EQ,INE526B01014
CAMLINFINE,EQ,INE052I01032
CANBK,EQ,INE476A01014
CANDC,EQ,INE874H01015
CANFINHOME,EQ,INE477A01020
CANTABIL,EQ,INE068L01016
CAPACITE,EQ,INE264T01014
CAPF,EQ,INE688I01017
CAPLIPOINT,EQ,INE475E01026
CAPTRUST,EQ,INE707C01018
CARBORUNIV,EQ,INE120A01034
CAREERP,EQ,INE521J01018
CARERATING,EQ,INE752H01013
CASTEXTECH,EQ,INE068D01021
CASTROLIND,EQ,INE172A01027
CCCL,EQ,INE429I01024
CCHHL,EQ,INE652F01027
CCL,EQ,INE421D01022
CDSL,EQ,INE736A01011
CEATLTD,EQ,INE482A01020
CEBBCO,EQ,INE209L01016
CELEBRITY,BE,INE185H01016
CELESTIAL,EQ,INE221I01017
CENTENKA,EQ,INE485A01015
CENTEXT,BE,INE281A01026
CENTRALBK,EQ,INE483A01010
CENTUM,EQ,INE320B01020
CENTURYPLY,EQ,INE348B01021
CENTURYTEX,EQ,INE055A01016
CERA,EQ,INE739E01017
CEREBRAINT,EQ,INE345B01019
CESC,EQ,INE486A01013
CGCL,EQ,INE180C01026
CGPOWER,EQ,INE067A01029
CHAMBLFERT,EQ,INE085A01013
CHENNPETRO,EQ,INE178A01016
CHOLAFIN,EQ,INE121A01016
CHROMATIC,EQ,INE662C01015
CIGNITITEC,EQ,INE675C01017
CIMMCO,EQ,INE184C01028
CINELINE,EQ,INE704H01022
CINEVISTA,BE,INE039B01026
CIPLA,EQ,INE059A01026
CKPPRODUCT,SM,INE977V01017
CLEDUCATE,EQ,INE201M01011
CLNINDIA,EQ,INE492A01029
CMICABLES,EQ,INE981B01011
CMMIPL,SM,INE289S01013
CNOVAPETRO,EQ,INE672K01025
COALINDIA,EQ,INE522F01014
COCHINSHIP,EQ,INE704P01017
COFFEEDAY,EQ,INE335K01011
COLPAL,EQ,INE259A01022
COMPINFO,EQ,INE070C01037
COMPUSOFT,EQ,INE453B01029
CONCOR,EQ,INE111A01017
CONSOFINVT,EQ,INE025A01027
CONTROLPR,EQ,INE663B01015
CORALFINAC,EQ,INE558D01021
CORDSCABLE,EQ,INE792I01017
COROMANDEL,EQ,INE169A01031
CORPBANK,EQ,INE112A01023
COSMOFILMS,EQ,INE757A01017
COUNCODOS,EQ,INE695B01025
COX&KINGS,EQ,INE008I01026
CPSEETF,EQ,INF457M01133
CREATIVE,SM,INE985W01018
CREATIVEYE,EQ,INE230B01021
CREST,EQ,INE559D01011
CRISIL,EQ,INE007A01025
CROMPTON,EQ,INE299U01018
CTE,EQ,INE627H01017
CUB,EQ,INE491A01021
CUBEXTUB,BE,INE144D01012
CUMMINSIND,EQ,INE298A01020
CUPID,EQ,INE509F01011
CURATECH,BE,INE117B01012
CYBERMEDIA,BE,INE278G01037
CYBERTECH,EQ,INE214A01019
CYIENT,EQ,INE136B01020
DAAWAT,EQ,INE818H01020
DABUR,EQ,INE016A01026
DALMIABHA,EQ,INE439L01019
DALMIASUG,EQ,INE495A01022
DAMODARIND,EQ,INE497D01014
DATAMATICS,EQ,INE365B01017
DBCORP,EQ,INE950I01011
DBL,EQ,INE917M01012
DBREALTY,EQ,INE879I01012
DCAL,EQ,INE385W01011
DCBBANK,EQ,INE503A01015
DCM,EQ,INE498A01018
DCMSHRIRAM,EQ,INE499A01024
DCW,EQ,INE500A01029
DECCANCE,EQ,INE583C01021
DEEPAKFERT,EQ,INE501A01019
DEEPAKNTR,EQ,INE288B01029
DEEPIND,EQ,INE677H01012
DELTACORP,EQ,INE124G01033
DELTAMAGNT,EQ,INE393A01011
DEN,EQ,INE947J01015
DENABANK,EQ,INE077A01010
DENORA,EQ,INE244A01016
DEVIT,SM,INE060X01018
DFMFOODS,EQ,INE456C01012
DHAMPURSUG,EQ,INE041A01016
DHANBANK,EQ,INE680A01011
DHANUKA,EQ,INE435G01025
DHARSUGAR,EQ,INE988C01014
DHFL,EQ,INE202B01012
DHFL,N6,INE202B07HP2
DHFL,NC,INE202B07HV0
DHFL,NL,INE202B07IK1
DHFL,NP,INE202B07IO3
DHUNINV,EQ,INE320L01011
DIAMONDYD,EQ,INE393P01035
DIAPOWER,EQ,INE989C01012
DICIND,EQ,INE303A01010
DIGJAMLTD,EQ,INE731U01010
DISHTV,EQ,INE836F01026
DIVISLAB,EQ,INE361B01024
DIXON,EQ,INE935N01012
DLF,EQ,INE271C01023
DLINKINDIA,EQ,INE250K01012
DMART,EQ,INE192R01011
DOLLAR,EQ,INE325C01035
DOLPHINOFF,EQ,INE920A01011
DONEAR,EQ,INE668D01028
DPL,BE,INE477B01010
DPSCLTD,EQ,INE360C01024
DPWIRES,SM,INE864X01013
DQE,EQ,INE656K01010
DREDGECORP,EQ,INE506A01018
DRL,SM,INE704V01015
DRREDDY,EQ,INE089A01023
DSKULKARNI,BE,INE891A01014
DSSL,EQ,INE417B01040
DTIL,EQ,INE341R01014
DUCON,EQ,INE741L01018
DWARKESH,EQ,INE366A01041
DYNAMATECH,EQ,INE221B01012
DYNPRO,EQ,INE256H01015
EASTSILK,BE,INE962C01027
EASUNREYRL,EQ,INE268C01029
ECEIND,EQ,INE588B01014
ECLERX,EQ,INE738I01010
ECLFINANCE,N3,INE804I07SI2
ECLFINANCE,N5,INE804I08601
EDELWEISS,EQ,INE532F01054
EDL,EQ,INE180G01019
EDUCOMP,BZ,INE216H01027
EHFLNCD,N1,INE530L07178
EHFLNCD,N5,INE530L07210
EHFLNCD,N6,INE530L07228
EICHERMOT,EQ,INE066A01013
EIDPARRY,EQ,INE126A01031
EIFFL,SM,INE546V01010
EIHAHOTELS,EQ,INE276C01014
EIHOTEL,EQ,INE230A01023
EIMCOELECO,EQ,INE158B01016
EKC,EQ,INE184H01027
ELAND,EQ,INE311H01018
ELECON,EQ,INE205B01023
ELECTCAST,EQ,INE086A01029
ELECTHERM,EQ,INE822G01016
ELGIEQUIP,EQ,INE285A01027
ELGIRUBCO,EQ,INE819L01012
EMAMIINFRA,EQ,INE778K01012
EMAMILTD,EQ,INE548C01032
EMCO,BE,INE078A01026
EMKAY,EQ,INE296H01011
EMMBI,EQ,INE753K01015
ENDURANCE,EQ,INE913H01037
ENERGYDEV,EQ,INE306C01019
ENGINERSIN,EQ,INE510A01028
ENIL,EQ,INE265F01028
EON,EQ,INE076H01025
EQ30,EQ,INF754K01EM9
EQUITAS,EQ,INE988K01017
ERIS,EQ,INE406M01024
EROSMEDIA,EQ,INE416L01017
ESABINDIA,EQ,INE284A01012
ESCORTS,EQ,INE042A01014
ESL,EQ,INE481K01013
ESSARSHPNG,EQ,INE122M01019
ESSDEE,BE,INE825H01017
ESSELPACK,EQ,INE255A01020
ESTER,EQ,INE778B01029
EUROCERA,EQ,INE649H01011
EUROMULTI,BE,INE063J01011
EUROTEXIND,EQ,INE022C01012
EVEREADY,EQ,INE128A01029
EVERESTIND,EQ,INE295A01018
EXCEL,EQ,INE688J01015
EXCELCROP,EQ,INE223G01017
EXCELINDUS,EQ,INE369A01029
EXIDEIND,EQ,INE302A01020
FACT,EQ,INE188A01015
FAIRCHEM,EQ,INE959A01019
FCL,EQ,INE045J01026
FCONSUMER,EQ,INE220J01025
FDC,EQ,INE258B01022
FEDDERELEC,EQ,INE249C01011
FEDERALBNK,EQ,INE171A01029
FEL,EQ,INE623B01027
FELDVR,EQ,IN9623B01058
FIEMIND,EQ,INE737H01014
FILATEX,EQ,INE816B01019
FINCABLES,EQ,INE235A01022
FINPIPE,EQ,INE183A01016
FLEXITUFF,EQ,INE060J01017
FLFL,EQ,INE452O01016
FMGOETZE,EQ,INE529A01010
FMNL,EQ,INE360L01017
FORGE,SM,INE319Y01016
FORTIS,EQ,INE061F01013
FORTUNEFIN,EQ,INE924D01017
FOSECOIND,EQ,INE519A01011
FOURTHDIM,SM,INE382T01014
FRETAIL,EQ,INE752P01024
FSL,EQ,INE684F01012
GABRIEL,EQ,INE524A01029
GAEL,EQ,INE036B01022
GAIL,EQ,INE129A01019
GAL,EQ,INE482J01021
GAMMNINFRA,EQ,INE181G01025
GAMMONIND,BZ,INE259B01020
GANDHITUBE,EQ,INE524B01027
GANECOS,EQ,INE845D01014
GANESHHOUC,EQ,INE460C01014
GANGESSECU,BE,INE335W01016
GANGOTRI,BZ,INE670B01028
GARDENSILK,EQ,INE526A01016
GARWALLROP,EQ,INE276A01018
GATI,EQ,INE152B01027
GAYAPROJ,EQ,INE336H01023
GDL,EQ,INE852F01015
GEECEE,EQ,INE916G01016
GEEKAYWIRE,SM,INE669X01016
GEMINI,BE,INE878C01033
GENESYS,EQ,INE727B01026
GENUSPAPER,EQ,INE949P01018
GENUSPOWER,EQ,INE955D01029
GEOJITFSL,EQ,INE007B01023
GEPIL,EQ,INE878A01011
GESHIP,EQ,INE017A01032
GET&D,EQ,INE200A01026
GHCL,EQ,INE539A01019
GICHSGFIN,EQ,INE289B01019
GILLANDERS,EQ,INE047B01011
GILLETTE,EQ,INE322A01010
GINNIFILA,EQ,INE424C01010
GIPCL,EQ,INE162A01010
GITANJALI,EQ,INE346H01014
GKWLIMITED,EQ,INE528A01020
GLAXO,EQ,INE159A01016
GLENMARK,EQ,INE935A01035
GLOBAL,SM,INE291W01011
GLOBALVECT,EQ,INE792H01019
GLOBE,SM,INE581X01013
GLOBOFFS,EQ,INE446C01013
GLOBUSSPR,EQ,INE615I01010
GMBREW,EQ,INE075D01018
GMDCLTD,EQ,INE131A01031
GMRINFRA,EQ,INE776C01039
GNA,EQ,INE934S01014
GNFC,EQ,INE113A01013
GOACARBON,EQ,INE426D01013
GOCLCORP,EQ,INE077F01035
GODFRYPHLP,EQ,INE260B01028
GODREJAGRO,EQ,INE850D01014
GODREJCP,EQ,INE102D01028
GODREJIND,EQ,INE233A01035
GODREJPROP,EQ,INE484J01027
GOENKA,BZ,INE516K01024
GOKEX,EQ,INE887G01027
GOKUL,EQ,INE020J01029
GOKULAGRO,EQ,INE314T01025
GOLDBEES,EQ,INF732E01102
GOLDENTOBC,BE,INE973A01010
GOLDIAM,EQ,INE025B01017
GOLDINFRA,BE,INE260D01016
GOLDIWIN,EQ,INF109KB1WF4
GOLDSHARE,EQ,INF789F01059
GOLDSTAR,SM,INE405Y01013
GOLDTECH,BE,INE805A01014
GOODLUCK,EQ,INE127I01024
GPIL,BE,INE177H01013
GPPL,EQ,INE517F01014
GPTINFRA,EQ,INE390G01014
GRANULES,EQ,INE101D01020
GRAPHITE,EQ,INE371A01025
GRASIM,EQ,INE047A01021
GRAVITA,EQ,INE024L01027
GREAVESCOT,EQ,INE224A01026
GREENLAM,EQ,INE544R01013
GREENPLY,EQ,INE461C01038
GREENPOWER,EQ,INE999K01014
GRINDWELL,EQ,INE536A01023
GROBTEA,BE,INE646C01018
GRPLTD,EQ,INE137I01015
GRUH,EQ,INE580B01029
GSCLCEMENT,BE,INE542A01039
GSFC,EQ,INE026A01025
GSKCONS,EQ,INE264A01014
GSPL,EQ,INE246F01010
GSS,EQ,INE871H01011
GTL,EQ,INE043A01012
GTLINFRA,EQ,INE221H01019
GTNIND,EQ,INE537A01013
GTNTEX,EQ,INE302H01017
GTPL,EQ,INE869I01013
GUFICBIO,EQ,INE742B01025
GUJALKALI,EQ,INE186A01019
GUJAPOLLO,EQ,INE826C01016
GUJFLUORO,EQ,INE538A01037
GUJGASLTD,EQ,INE844O01022
GUJNRECOKE,BE,INE110D01013
GUJNREDVR,BE,IN9110D01011
GULFOILLUB,EQ,INE635Q01029
GULFPETRO,EQ,INE586G01017
GULPOLY,EQ,INE255D01024
GVKPIL,BE,INE251H01024
HANUNG,BE,INE648H01013
HARITASEAT,EQ,INE939D01015
HARRMALAYA,EQ,INE544A01019
HATHWAY,EQ,INE982F01036
HATSUN,EQ,INE473B01035
HAVELLS,EQ,INE176B01034
HBLPOWER,EQ,INE292B01021
HBSTOCK,EQ,INE550B01014
HCC,EQ,INE549A01026
HCG,EQ,INE075I01017
HCL-INSYS,EQ,INE236A01020
HCLTECH,EQ,INE860A01027
HDFC,EQ,INE001A01036
HDFC,W2,INE001A13031
HDFCBANK,EQ,INE040A01026
HDFCMFGETF,EQ,INF179K01CN1
HDFCNIFETF,EQ,INF179KB1KP3
HDFCSENETF,EQ,INF179KB1KQ1
HDIL,EQ,INE191I01012
HEG,EQ,INE545A01016
HEIDELBERG,EQ,INE578A01017
HEOF1100RG,MF,INF179KB1V39
HERCULES,EQ,INE688E01024
HERITGFOOD,EQ,INE978A01027
HEROMOTOCO,EQ,INE158A01026
HESTERBIO,EQ,INE782E01017
HEXATRADEX,BE,INE750M01017
HEXAWARE,EQ,INE093A01033
HFCL,EQ,INE548A01028
HGS,EQ,INE170I01016
HIGHGROUND,EQ,INE361M01021
HIKAL,EQ,INE475B01022
HIL,EQ,INE557A01011
HILTON,EQ,INE788H01017
HIMATSEIDE,EQ,INE049A01027
HINDALCO,EQ,INE038A01020
HINDCOMPOS,EQ,INE310C01029
HINDCOPPER,EQ,INE531E01026
HINDMOTORS,EQ,INE253A01025
HINDNATGLS,EQ,INE952A01022
HINDOILEXP,EQ,INE345A01011
HINDPETRO,EQ,INE094A01015
HINDUJAVEN,EQ,INE353A01023
HINDUNILVR,EQ,INE030A01027
HINDZINC,EQ,INE267A01025
HIRECT,BE,INE835D01023
HISARMETAL,EQ,INE598C01011
HITECH,SM,INE106T01017
HITECHCORP,EQ,INE120D01012
HITECHGEAR,EQ,INE127B01011
HMT,BZ,INE262A01018
HMVL,EQ,INE871K01015
HNGSNGBEES,EQ,INF732E01227
HONAUT,EQ,INE671A01010
HONDAPOWER,EQ,INE634A01018
HOTELEELA,EQ,INE102A01024
HOVS,EQ,INE596H01014
HPL,EQ,INE495S01016
HSCL,EQ,INE019C01026
HSIL,EQ,INE415A01038
HTMEDIA,EQ,INE501G01024
HUBTOWN,EQ,INE703H01016
HUDCO,EQ,INE031A01017
HUDCO,N2,INE031A07840
HUDCO,N3,INE031A07832
HUDCO,N4,INE031A07857
HUDCO,N5,INE031A07865
HUDCO,N8,INE031A07AO5
HUDCO,N9,INE031A07AT4
HUDCO,NE,INE031A07AB2
IBREALEST,EQ,INE069I01010
IBULHSGFIN,EQ,INE148I01020
IBULHSGFIN,N7,INE148I07GH1
IBULHSGFIN,N8,INE148I07GJ7
IBULHSGFIN,NA,INE148I07GL3
IBVENTURES,EQ,INE274G01010
ICICIBANK,EQ,INE090A01021
ICICIGI,EQ,INE765G01017
ICICIPRULI,EQ,INE726G01019
ICIL,EQ,INE483B01026
ICRA,EQ,INE725G01011
ICSA,EQ,INE306B01029
IDBI,EQ,INE008A01015
IDBIGOLD,EQ,INF397L01554
IDEA,EQ,INE669E01016
IDFC,EQ,INE043D01016
IDFCBANK,EQ,INE092T01019
IDFCBANK,N1,INE092T08CC6
IDFCBANK,N2,INE092T08CD4
IDFCBANK,N4,INE092T08CF9
IDFCBANK,N5,INE092T08CG7
IDFCBANK,N6,INE092T08CH5
IDFCBANK,NA,INE092T08CL7
IDFCBANK,NB,INE092T08CM5
IDFCBANK,NC,INE092T08CN3
IDFCBANK,ND,INE092T08CO1
IDFCBANK,NE,INE092T08CP8
IDFNIFTYET,EQ,INF194KA1U07
IFBAGRO,EQ,INE076C01018
IFBIND,EQ,INE559A01017
IFCI,EQ,INE039A01010
IFCI,NC,INE039A07751
IFCI,NH,INE039A07801
IFCI,NL,INE039A07843
IFCI,NM,INE039A07850
IGARASHI,EQ,INE188B01013
IGL,EQ,INE203G01019
IGPL,EQ,INE204A01010
IIFCL,N2,INE787H07354
IIFL,EQ,INE530B01024
IIFLFIN,N5,INE866I08139
IIFLFIN,N6,INE866I08147
IIFLFIN,N7,INE866I08154
IIFLFIN,NA,INE866I07594
IIHFL,N1,INE477L07040
IIHFL,N2,INE477L08014
IITL,EQ,INE886A01014
IL&FSENGG,EQ,INE369I01014
IL&FSTRANS,EQ,INE975G01012
IMFA,EQ,INE919H01018
IMPAL,EQ,INE547E01014
INDBANK,EQ,INE841B01017
INDHOTEL,EQ,INE053A01029
INDIACEM,EQ,INE383A01012
INDIAGLYCO,EQ,INE560A01015
INDIANB,EQ,INE562A01011
INDIANCARD,EQ,INE061A01014
INDIANHUME,EQ,INE323C01030
INDIGO,EQ,INE646L01027
INDIGRID,IV,INE219X23014
INDLMETER,EQ,INE065B01013
INDNIPPON,EQ,INE092B01017
INDOCO,EQ,INE873D01024
INDORAMA,EQ,INE156A01020
INDOSOLAR,EQ,INE866K01015
INDOTECH,EQ,INE332H01014
INDOTHAI,EQ,INE337M01013
INDOWIND,EQ,INE227G01018
INDRAMEDCO,EQ,INE681B01017
INDSWFTLAB,EQ,INE915B01019
INDSWFTLTD,EQ,INE788B01028
INDTERRAIN,EQ,INE611L01021
INDUSINDBK,EQ,INE095A01012
INEOSSTYRO,EQ,INE189B01011
INFIBEAM,EQ,INE483S01020
INFINITE,EQ,INE486J01014
INFOBEAN,SM,INE344S01016
INFOMEDIA,BE,INE669A01022
INFRABEES,EQ,INF732E01268
INFRATEL,EQ,INE121J01017
INFY,EQ,INE009A01021
INGERRAND,EQ,INE177A01018
INNOVATIVE,SM,INE070Y01015
INOXLEISUR,EQ,INE312H01016
INOXWIND,EQ,INE066P01011
INSECTICID,EQ,INE070I01018
INTELLECT,EQ,INE306R01017
INTENTECH,EQ,INE781A01025
INVENTURE,EQ,INE878H01016
IOB,EQ,INE565A01014
IOC,EQ,INE242A01010
IOLCP,EQ,INE485C01011
IPAPPM,EQ,INE435A01028
IPCALAB,EQ,INE571A01020
IRB,EQ,INE821I01014
IRBINVIT,IV,INE183W23014
IRFC,N1,INE053F07520
IRFC,N2,INE053F07538
IRFC,N4,INE053F07579
IRFC,N9,INE053F07678
IRFC,NA,INE053F07686
IRFC,NE,INE053F07744
IRFC,NJ,INE053F07835
IRFC,NK,INE053F07843
IRFC,NO,INE053F07900
ISFT,EQ,INE566K01011
ISMTLTD,EQ,INE732F01019
ITC,EQ,INE154A01025
ITDC,EQ,INE353K01014
ITDCEM,EQ,INE686A01026
ITI,EQ,INE248A01017
IVC,EQ,INE050B01023
IVP,EQ,INE043C01018
IVRCLINFRA,EQ,INE875A01025
IVZINGOLD,EQ,INF205K01361
IVZINNIFTY,EQ,INF205K01DA9
IZMO,BE,INE848A01014
J&KBANK,EQ,INE168A01041
JAGRAN,EQ,INE199G01027
JAGSNPHARM,EQ,INE048B01027
JAIBALAJI,EQ,INE091G01018
JAICORPLTD,EQ,INE070D01027
JALAN,SM,INE349X01015
JAMNAAUTO,EQ,INE039C01032
JASH,SM,INE039O01011
JAYAGROGN,EQ,INE785A01026
JAYBARMARU,EQ,INE571B01028
JAYNECOIND,EQ,INE854B01010
JAYSREETEA,EQ,INE364A01020
JBCHEPHARM,EQ,INE572A01028
JBFIND,EQ,INE187A01017
JBMA,EQ,INE927D01028
JCHAC,EQ,INE782A01015
JENSONICOL,EQ,INE819B01021
JETAIRWAYS,EQ,INE802G01018
JHS,EQ,INE544H01014
JINDALPHOT,EQ,INE796G01012
JINDALPOLY,EQ,INE197D01010
JINDALSAW,EQ,INE324A01024
JINDALSTEL,EQ,INE749A01030
JINDCOT,EQ,INE904J01016
JINDRILL,EQ,INE742C01031
JINDWORLD,EQ,INE247D01013
JISLDVREQS,EQ,IN9175A01010
JISLJALEQS,EQ,INE175A01038
JITFINFRA,BE,INE863T01013
JKCEMENT,EQ,INE823G01014
JKIL,EQ,INE576I01022
JKLAKSHMI,EQ,INE786A01032
JKPAPER,EQ,INE789E01012
JKTYRE,EQ,INE573A01042
JMA,EQ,INE412C01015
JMCPROJECT,EQ,INE890A01016
JMFINANCIL,EQ,INE780C01023
JMTAUTOLTD,EQ,INE988E01036
JOCIL,EQ,INE839G01010
JPASSOCIAT,EQ,INE455F01025
JPINFRATEC,EQ,INE099J01015
JPOLYINVST,EQ,INE147P01019
JPPOWER,EQ,INE351F01018
JSL,EQ,INE220G01021
JSLHISAR,EQ,INE455T01018
JSWENERGY,EQ,INE121E01018
JSWHL,EQ,INE824G01012
JSWSTEEL,EQ,INE019A01038
JSWSTEEL,P2,INE019A04024
JUBILANT,EQ,INE700A01033
JUBLFOOD,EQ,INE797F01012
JUBLINDS,EQ,INE645L01011
JUNIORBEES,EQ,INF732E01045
JUSTDIAL,EQ,INE599M01018
JVLAGRO,EQ,INE430G01026
JYOTHYLAB,EQ,INE668F01031
JYOTISTRUC,BE,INE197A01024
KABRAEXTRU,EQ,INE900B01029
KAJARIACER,EQ,INE217B01036
KAKATCEM,EQ,INE437B01014
KALPATPOWR,EQ,INE220B01022
KALYANIFRG,BE,INE314G01014
KAMATHOTEL,EQ,INE967C01018
KAMDHENU,EQ,INE390H01012
KANANIIND,EQ,INE879E01037
KANORICHEM,EQ,INE138C01024
KANSAINER,EQ,INE531A01024
KARMAENG,EQ,INE725L01011
KARURVYSYA,EQ,INE036D01028
KAVVERITEL,EQ,INE641C01019
KAYA,EQ,INE587G01015
KCP,EQ,INE805C01028
KCPSUGIND,EQ,INE790B01024
KDDL,EQ,INE291D01011
KEC,EQ,INE389H01022
KECL,EQ,INE134B01017
KEERTI,SM,INE586X01012
KEI,EQ,INE878B01027
KELLTONTEC,EQ,INE164B01022
KERNEX,BZ,INE202H01019
KESARENT,EQ,INE133B01019
KESORAMIND,EQ,INE087A01019
KEYCORPSER,EQ,INE681C01015
KGL,BE,INE299C01024
KHAITANELE,BE,INE761A01019
KHAITANLTD,EQ,INE731C01018
KHANDSE,EQ,INE060B01014
KICL,EQ,INE029L01018
KILITCH,BE,INE729D01010
KINGFA,EQ,INE473D01015
KIOCL,EQ,INE880L01014
KIRIINDUS,EQ,INE415I01015
KIRLOSBROS,EQ,INE732A01036
KIRLOSENG,EQ,INE146L01010
KIRLOSIND,EQ,INE250A01039
KITEX,EQ,INE602G01020
KKCL,EQ,INE401H01017
KKVAPOW,SM,INE239T01016
KMSUGAR,EQ,INE157H01023
KNRCON,EQ,INE634I01029
KOHINOOR,EQ,INE080B01012
KOKUYOCMLN,EQ,INE760A01029
KOLTEPATIL,EQ,INE094I01018
KOPRAN,EQ,INE082A01010
KOTAKBANK,EQ,INE237A01028
KOTAKBKETF,EQ,INF174K01F59
KOTAKGOLD,EQ,INF373I01049
KOTAKNIFTY,EQ,INF174K014P6
KOTAKNV20,EQ,INF174K01Z71
KOTAKPSUBK,EQ,INF373I01023
KOTARISUG,EQ,INE419A01022
KOTHARIPET,EQ,INE720A01015
KOTHARIPRO,EQ,INE823A01017
KPIT,EQ,INE836A01035
KPRMILL,EQ,INE930H01023
KRBL,EQ,INE001B01026
KREBSBIO,BE,INE268B01013
KRIDHANINF,EQ,INE524L01026
KRISHANA,SM,INE506W01012
KSBPUMPS,EQ,INE999A01015
KSCL,EQ,INE455I01029
KSERASERA,EQ,INE216D01026
KSK,BE,INE143H01015
KSL,EQ,INE907A01026
KTIL,EQ,INE096L01025
KTKBANK,EQ,INE614B01018
KWALITY,EQ,INE775B01025
L&TFH,EQ,INE498L01015
L&TFINANCE,N4,INE523E07459
L&TINFRA,N2,INE691I07174
L&TINFRA,N3,INE691I07182
L&TINFRA,N4,INE691I07190
L&TINFRA,N5,INE691I07224
L&TINFRA,N6,INE691I07232
LAKPRE,EQ,INE651C01018
LAKSHMIEFL,EQ,INE992B01026
LAKSHVILAS,EQ,INE694C01018
LALPATHLAB,EQ,INE600L01024
LAMBODHARA,EQ,INE112F01022
LAOPALA,EQ,INE059D01020
LASA,BE,INE670X01014
LAURUSLABS,EQ,INE947Q01010
LAXMICOT,SM,INE801V01019
LAXMIMACH,EQ,INE269B01029
LCCINFOTEC,BE,INE938A01021
LEEL,EQ,INE245C01019
LEXUS,SM,INE500X01013
LFIC,BE,INE850E01012
LGBBROSLTD,EQ,INE337A01034
LGBFORGE,BE,INE201J01017
LIBERTSHOE,BE,INE557B01019
LICHSGFIN,EQ,INE115A01026
LICNETFGSC,EQ,INF767K01MV5
LICNETFN50,EQ,INF767K01OS7
LINCOLN,EQ,INE405C01035
LINCPEN,EQ,INE802B01019
LINDEINDIA,EQ,INE473A01011
LIQUIDBEES,EQ,INF732E01037
LITL,BE,INE785C01048
LML,EQ,INE862A01015
LOKESHMACH,EQ,INE397H01017
LOTUSEYE,BE,INE947I01017
LOVABLE,EQ,INE597L01014
LPDC,EQ,INE197J01017
LSIL,EQ,INE093R01011
LT,EQ,INE018A01030
LTI,EQ,INE214T01019
LTTS,EQ,INE010V01017
LUMAXIND,EQ,INE162B01018
LUMAXTECH,EQ,INE872H01019
LUPIN,EQ,INE326A01037
LUXIND,EQ,INE150G01020
LYCOS,EQ,INE425B01027
LYKALABS,EQ,INE933A01014
LYPSAGEMS,EQ,INE142K01011
M&M,EQ,INE101A01026
M&MFIN,EQ,INE774D01024
M&MFIN,N2,INE774D08MA6
M100,EQ,INF247L01023
M14RG,MF,INF903JA1971
M50,EQ,INF247L01536
MAANALU,EQ,INE215I01019
MADHAV,EQ,INE925C01016
MADHUCON,EQ,INE378D01032
MADRASFERT,EQ,INE414A01015
MAGADSUGAR,BE,INE347W01011
MAGMA,EQ,INE511C01022
MAGNUM,EQ,INE387I01016
MAHABANK,EQ,INE457A01014
MAHASTEEL,EQ,INE451L01014
MAHESHWARI,SM,INE263W01010
MAHINDCIE,EQ,INE536H01010
MAHLIFE,EQ,INE813A01018
MAHSCOOTER,EQ,INE288A01013
MAHSEAMLES,EQ,INE271B01025
MAITHANALL,EQ,INE683C01011
MAJESCO,EQ,INE898S01029
MALUPAPER,EQ,INE383H01017
MALWACOTT,BE,INE272B01015
MANAKALUCO,EQ,INE859Q01017
MANAKCOAT,EQ,INE830Q01018
MANAKINDST,EQ,INE831Q01016
MANAKSIA,EQ,INE015D01022
MANAKSTEEL,EQ,INE824Q01011
MANALIPETC,EQ,INE201A01024
MANAPPURAM,EQ,INE522D01027
MANAV,SM,INE104Y01012
MANDHANA,BE,INE087J01010
MANGALAM,EQ,INE584F01014
MANGCHEFER,EQ,INE558B01017
MANGLMCEM,EQ,INE347A01017
MANGTIMBER,EQ,INE805B01012
MANINDS,EQ,INE993A01026
MANINFRA,EQ,INE949H01023
MANPASAND,EQ,INE122R01018
MANUGRAPH,EQ,INE867A01022
MARALOVER,EQ,INE882A01013
MARATHON,EQ,INE182D01012
MARICO,EQ,INE196A01026
MARKSANS,EQ,INE750C01026
MARUTI,EQ,INE585B01010
MASTEK,EQ,INE759A01021
MATRIMONY,EQ,INE866R01028
MAWANASUG,EQ,INE636A01039
MAXINDIA,EQ,INE153U01017
MAXVIL,EQ,INE154U01015
MAYURUNIQ,EQ,INE040D01038
MAZDA,EQ,INE885E01034
MBAPL,SM,INE900L01010
MBECL,BE,INE748A01016
MBLINFRA,EQ,INE912H01013
MCDHOLDING,EQ,INE836H01014
MCDOWELL-N,EQ,INE854D01016
MCLEODRUSS,EQ,INE942G01012
MCX,EQ,INE745G01035
MEGASOFT,EQ,INE933B01012
MEGH,EQ,INE974H01013
MELSTAR,BE,INE817A01019
MENONBE,EQ,INE071D01033
MEP,EQ,INE776I01010
MERCATOR,EQ,INE934B01028
MERCK,EQ,INE199A01012
METALFORGE,EQ,INE425A01011
METKORE,BE,INE592I01029
MFSL,EQ,INE180A01020
MGL,EQ,INE002S01010
MHRIL,EQ,INE998I01010
MIC,EQ,INE287C01029
MIDCAPIWIN,EQ,INF109KB1XT3
MILTON,SM,INE376Y01016
MINDACORP,EQ,INE842C01021
MINDAIND,EQ,INE405E01023
MINDTECK,EQ,INE110B01017
MINDTREE,EQ,INE018I01017
MIRCELECTR,EQ,INE831A01028
MIRZAINT,EQ,INE771A01026
MKPL,SM,INE964W01013
MMFL,EQ,INE227C01017
MMTC,EQ,INE123F01029
MOHITIND,EQ,INE954E01012
MOHOTAMILL,EQ,INE313D01013
MOIL,EQ,INE490G01020
MOLDTECH,EQ,INE835B01035
MOLDTKPAC,EQ,INE893J01029
MOMAI,SM,INE133R01015
MONNETISPA,EQ,INE743C01013
MONSANTO,EQ,INE274B01011
MONTECARLO,EQ,INE950M01013
MORARJEE,EQ,INE161G01027
MOREPENLAB,EQ,INE083A01026
MOSERBAER,EQ,INE739A01015
MOTHERSUMI,EQ,INE775A01035
MOTILALOFS,EQ,INE338I01027
MOTOGENFIN,EQ,INE861B01015
MPHASIS,EQ,INE356A01018
MPSLTD,EQ,INE943D01017
MPTODAY,SM,INE105Y01019
MRF,EQ,INE883A01011
MRO-TEK,BE,INE398B01018
MRPL,EQ,INE103A01014
MSPL,EQ,INE752G01015
MTEDUCARE,EQ,INE472M01018
MTNL,EQ,INE153A01019
MUKANDENGG,EQ,INE022B01014
MUKANDLTD,EQ,INE304A01026
MUKANDLTD,P1,INE304A04012
MUKTAARTS,EQ,INE374B01019
MUNJALAU,EQ,INE672B01032
MUNJALSHOW,EQ,INE577A01027
MURUDCERA,BE,INE692B01014
MUTHOOTCAP,EQ,INE296G01013
MUTHOOTFIN,EQ,INE414G01012
MUTHOOTFIN,NB,INE414G07241
MUTHOOTFIN,NF,INE414G07AG6
N100,EQ,INF247L01031
NABARD,N2,INE261F07032
NACLIND,EQ,INE295D01020
NAGAFERT,EQ,INE454M01024
NAGAROIL,EQ,INE453M01018
NAGREEKCAP,EQ,INE245I01016
NAGREEKEXP,EQ,INE123B01028
NAHARCAP,EQ,INE049I01012
NAHARINDUS,EQ,INE289A01011
NAHARPOLY,EQ,INE308A01027
NAHARSPING,EQ,INE290A01027
NAKODA,BE,INE559B01023
NANDANI,SM,INE696V01013
NATCOPHARM,EQ,INE987B01026
NATHBIOGEN,EQ,INE448G01010
NATIONALUM,EQ,INE139A01034
NATNLSTEEL,EQ,INE088B01015
NAUKRI,EQ,INE663F01024
NAVINFLUOR,EQ,INE048G01026
NAVKARCORP,EQ,INE278M01019
NAVNETEDUL,EQ,INE060A01024
NBCC,EQ,INE095N01023
NBIFIN,EQ,INE365I01012
NBVENTURES,EQ,INE725A01022
NCC,EQ,INE868B01028
NCLIND,EQ,INE732C01016
NDGL,EQ,INE756C01015
NDL,EQ,INE875G01030
NDTV,BE,INE155G01029
NECCLTD,EQ,INE553C01016
NECLIFE,EQ,INE023H01027
NELCAST,EQ,INE189I01024
NELCO,BE,INE045B01015
NESCO,EQ,INE317F01035
NESTLEIND,EQ,INE239A01016
NETWORK18,EQ,INE870H01013
NEULANDLAB,EQ,INE794A01010
NEXTMEDIA,EQ,INE747B01016
NFL,EQ,INE870D01012
NH,EQ,INE410P01011
NHAI,N1,INE906B07CA1
NHAI,N2,INE906B07CB9
NHAI,N3,INE906B07DC5
NHAI,N4,INE906B07DD3
NHAI,N6,INE906B07DF8
NHAI,N8,INE906B07EH2
NHAI,NA,INE906B07EJ8
NHAI,NC,INE906B07EN0
NHAI,NE,INE906B07EP5
NHBTF2014,N6,INE557F07132
NHPC,EQ,INE848E01016
NHPC,N5,INE848E07559
NHPC,N6,INE848E07567
NIBL,EQ,INE047O01014
NIF100IWIN,EQ,INF109KA1962
NIFTYBEES,EQ,INF732E01011
NIFTYEES,EQ,INF754K01EK3
NIFTYIWIN,EQ,INF109K012R6
NIITLTD,EQ,INE161A01038
NIITTECH,EQ,INE591G01017
NILAINFRA,EQ,INE937C01029
NILKAMAL,EQ,INE310A01015
NIPPOBATRY,EQ,INE567A01010
NITCO,EQ,INE858F01012
NITESHEST,EQ,INE639K01016
NITINFIRE,BE,INE489H01020
NITINSPIN,EQ,INE229H01012
NITIRAJ,SM,INE439T01012
NKIND,EQ,INE542C01019
NLCINDIA,EQ,INE589A01014
NMDC,EQ,INE584A01023
NOCIL,EQ,INE163A01018
NOIDATOLL,BE,INE781B01015
NRAIL,EQ,INE740D01017
NRBBEARING,EQ,INE349A01021
NSIL,EQ,INE023A01030
NTL,EQ,INE333I01036
NTPC,EQ,INE733E01010
NTPC,N2,INE733E07JF7
NTPC,N6,INE733E07JJ9
NTPC,N7,INE733E07JP6
NTPC,NB,INE733E07JU6
NTPC,ND,INE733E07JW2
NUCLEUS,EQ,INE096B01018
NUTEK,EQ,INE318J01027
NV20IWIN,EQ,INF109KB1WY5
OBEROIRLTY,EQ,INE093I01010
OCCL,EQ,INE321D01016
OCL,EQ,INE290B01025
OFSS,EQ,INE881D01027
OIL,EQ,INE274J01014
OILCOUNTUB,EQ,INE591A01010
OISL,EQ,INE196J01019
OMAXAUTO,EQ,INE090B01011
OMAXE,EQ,INE800H01010
OMFURN,SM,INE338Y01016
OMKARCHEM,EQ,INE474L01016
OMMETALS,EQ,INE239D01028
ONELIFECAP,EQ,INE912L01015
ONGC,EQ,INE213A01029
ONMOBILE,EQ,INE809I01019
ONWARDTEC,EQ,INE229A01017
OPTIEMUS,EQ,INE350C01017
OPTOCIRCUI,EQ,INE808B01016
ORBITCORP,BZ,INE628H01015
ORBTEXP,EQ,INE231G01010
ORCHIDPHAR,BE,INE191A01019
ORICONENT,EQ,INE730A01022
ORIENTABRA,EQ,INE569C01020
ORIENTALTL,EQ,INE998H01012
ORIENTBANK,EQ,INE141A01014
ORIENTBELL,EQ,INE607D01018
ORIENTCEM,EQ,INE876N01018
ORIENTHOT,EQ,INE750A01020
ORIENTLTD,BE,INE609C01024
ORIENTPPR,EQ,INE592A01026
ORIENTREF,EQ,INE743M01012
ORISSAMINE,EQ,INE725E01024
ORTEL,EQ,INE849L01019
ORTINLABSS,EQ,INE749B01012
PAGEIND,EQ,INE761H01022
PALASHSECU,BE,INE471W01019
PALREDTEC,EQ,INE218G01033
PANACEABIO,EQ,INE922B01023
PANACHE,SM,INE895W01019
PANAMAPET,EQ,INE305C01029
PANORAMUNI,EQ,INE194B01029
PAPERPROD,EQ,INE275B01026
PARABDRUGS,EQ,INE618H01016
PARACABLES,BE,INE074B01023
PARAGMILK,EQ,INE883N01014
PARSVNATH,BE,INE561H01026
PASHUPATI,SM,INE124Y01010
PATELENG,EQ,INE244B01030
PATINTLOG,EQ,INE529D01014
PATSPINLTD,EQ,INE790C01014
PBAINFRA,EQ,INE160H01019
PCJEWELLER,EQ,INE785M01013
PDMJEPAPER,EQ,INE865T01018
PDPL,EQ,INE904D01019
PDSMFL,EQ,INE111Q01013
PDUMJEIND,EQ,INE105C01023
PDUMJEPULP,EQ,INE606A01024
PEARLPOLY,EQ,INE844A01013
PEL,EQ,INE140A01024
PENIND,EQ,INE932A01024
PENINLAND,EQ,INE138A01028
PENPEBS,EQ,INE455O01019
PERFECT,SM,INE925S01012
PERSISTENT,EQ,INE262H01013
PETRONENGG,EQ,INE742A01019
PETRONET,EQ,INE347G01014
PFC,EQ,INE134E01011
PFC,N3,INE134E07588
PFC,N4,INE134E07190
PFC,N8,INE134E07463
PFIZER,EQ,INE182A01018
PFOCUS,EQ,INE367G01038
PFS,EQ,INE560K01014
PGEL,EQ,INE457L01011
PGHH,EQ,INE179A01014
PGIL,EQ,INE940H01014
PHILIPCARB,EQ,INE602A01015
PHOENIXLTD,EQ,INE211B01039
PIDILITIND,EQ,INE318A01026
PIIND,EQ,INE603J01030
PILANIINVS,BE,INE417C01014
PILITA,EQ,INE600A01035
PINCON,EQ,INE675G01018
PIONDIST,EQ,INE889E01010
PIONEEREMB,EQ,INE156C01018
PIRPHYTO,BE,INE122J01015
PITTILAM,EQ,INE450D01021
PKTEA,EQ,INE431F01018
PLASTIBLEN,EQ,INE083C01022
PNB,EQ,INE160A01022
PNBGILTS,EQ,INE859A01011
PNBHOUSING,EQ,INE572E01012
PNC,EQ,INE392B01011
PNCINFRA,EQ,INE195J01029
POCHIRAJU,BE,INE332G01032
PODDARHOUS,EQ,INE888B01018
PODDARMENT,EQ,INE371C01013
POKARNA,EQ,INE637C01017
POLARIS,EQ,INE763A01023
POLYMED,EQ,INE205C01021
POLYPLEX,EQ,INE633B01018
PONNIERODE,EQ,INE838E01017
POWERGRID,EQ,INE752E01010
POWERMECH,EQ,INE211R01019
PPAP,EQ,INE095I01015
PRABHAT,EQ,INE302M01033
PRADIP,EQ,INE495J01015
PRAENG,EQ,INE505C01016
PRAJIND,EQ,INE074A01025
PRAKASH,EQ,INE603A01013
PRAKASHCON,EQ,INE023M01027
PRAKASHSTL,BE,INE696K01024
PRATIBHA,EQ,INE308H01022
PRECAM,EQ,INE484I01029
PRECOT,EQ,INE283A01014
PRECWIRE,EQ,INE372C01029
PREMEXPLN,EQ,INE863B01011
PREMIER,EQ,INE342A01018
PREMIERPOL,EQ,INE309M01012
PRESSMN,EQ,INE980A01023
PRESTIGE,EQ,INE811K01011
PRICOLLTD,EQ,INE726V01018
PRIMESECU,EQ,INE032B01021
PRISMCEM,EQ,INE010A01011
PROVOGE,EQ,INE968G01033
PROZONINTU,EQ,INE195N01013
PSB,EQ,INE608A01012
PSL,BE,INE474B01017
PSPPROJECT,EQ,INE488V01015
PSUBNKBEES,EQ,INF732E01110
PTC,EQ,INE877F01012
PTL,EQ,INE034D01031
PUNJABCHEM,EQ,INE277B01014
PUNJLLOYD,EQ,INE701B01021
PURVA,EQ,INE323I01011
PVP,EQ,INE362A01016
PVR,EQ,INE191H01014
QGOLDHALF,EQ,INF082J01010
QUESS,EQ,INE615P01015
QUICKHEAL,EQ,INE306L01010
QUINTEGRA,BE,INE033B01011
RADAAN,EQ,INE874F01027
RADICO,EQ,INE944F01028
RADIOCITY,EQ,INE919I01016
RAIN,EQ,INE855B01025
RAINBOWPAP,EQ,INE028D01025
RAJESHEXPO,EQ,INE343B01030
RAJOIL,EQ,INE294G01018
RAJRAYON,BE,INE533D01024
RAJSREESUG,EQ,INE562B01019
RAJTV,EQ,INE952H01027
RAJVIR,EQ,INE011H01014
RALLIS,EQ,INE613A01020
RAMANEWS,EQ,INE278B01020
RAMASTEEL,EQ,INE230R01027
RAMCOCEM,EQ,INE331A01037
RAMCOIND,EQ,INE614A01028
RAMCOSYS,EQ,INE246B01019
RAMKY,EQ,INE874I01013
RAMSARUP,BE,INE005D01015
RANASUG,EQ,INE625B01014
RANEENGINE,EQ,INE222J01013
RANEHOLDIN,EQ,INE384A01010
RATNAMANI,EQ,INE703B01027
RAYMOND,EQ,INE301A01014
RBL,EQ,INE244J01017
RBLBANK,EQ,INE976G01028
RCF,EQ,INE027A01015
RCOM,EQ,INE330H01018
RECLTD,EQ,INE020B01018
RECLTD,N9,INE020B07HS2
RECLTD,NA,INE020B07HT0
RECLTD,NG,INE020B07IH3
RECLTD,NI,INE020B07GH7
REDINGTON,EQ,INE891D01026
REFEX,EQ,INE056I01017
REGENCERAM,BE,INE277C01012
RELAXO,EQ,INE131B01039
RELCAPITAL,EQ,INE013A01015
RELCNX100,EQ,INF204K014N5
RELCONS,EQ,INF204KA1LD7
RELDIVOPP,EQ,INF204KA1MS3
RELIABLE,SM,INE375Y01018
RELIANCE,EQ,INE002A01018
RELIFIN,N7,INE958G07841
RELIFIN,N8,INE958G07858
RELIGARE,EQ,INE621H01010
RELINFRA,EQ,INE036A01016
RELNV20,EQ,INF204KA17D8
REMSONSIND,EQ,INE474C01015
RENUKA,EQ,INE087H01022
REPCOHOME,EQ,INE612J01015
REPRO,EQ,INE461B01014
RESPONIND,EQ,INE688D01026
REVATHI,EQ,INE617A01013
RHFL,EQ,INE217K01011
RHFL,N2,INE217K07AC4
RHFL,N6,INE217K07AG5
RHFL,N8,INE217K08289
RICOAUTO,EQ,INE209B01025
RIIL,EQ,INE046A01015
RJL,EQ,INE722H01016
RKDL,EQ,INE722J01012
RKEC,SM,INE786W01010
RKFORGE,EQ,INE399G01015
RMCL,BE,INE172H01014
RMDRIP,SM,INE219Y01018
RML,EQ,INE050H01012
RNAVAL,EQ,INE542F01012
ROHLTD,EQ,INE283H01019
ROLLT,EQ,INE927A01040
ROLTA,EQ,INE293A01013
ROSSELLIND,EQ,INE847C01020
RPGLIFE,EQ,INE105J01010
RPOWER,EQ,INE614G01033
RPPINFRA,EQ,INE324L01013
RRSLGETF,EQ,INF204KB1882
RSSOFTWARE,EQ,INE165B01029
RSWM,EQ,INE611A01016
RSYSTEMS,EQ,INE411H01032
RTNINFRA,EQ,INE834M01019
RTNPOWER,EQ,INE399K01017
RUBYMILLS,EQ,INE301D01026
RUCHINFRA,BE,INE413B01023
RUCHIRA,EQ,INE803H01014
RUCHISOYA,EQ,INE619A01027
RUPA,EQ,INE895B01021
RUSHIL,EQ,INE573K01017
SABEVENTS,EQ,INE860T01019
SABTN,EQ,INE416A01036
SADBHAV,EQ,INE226H01026
SADBHIN,EQ,INE764L01010
SAGCEM,EQ,INE229C01013
SAIL,EQ,INE114A01011
SAKAR,SM,INE732S01012
SAKHTISUG,EQ,INE623A01011
SAKSOFT,EQ,INE667G01015
SAKUMA,EQ,INE190H01016
SALASAR,EQ,INE170V01019
SALONA,EQ,INE498E01010
SALORAINTL,BE,INE924A01013
SALSTEEL,EQ,INE658G01014
SALZERELEC,EQ,INE457F01013
SAMBHAAV,BE,INE699B01027
SAMTEL,BE,INE381A01016
SANCO,EQ,INE782L01012
SANDESH,EQ,INE583B01015
SANGAMIND,EQ,INE495C01010
SANGHIIND,EQ,INE999B01013
SANGHVIFOR,EQ,INE263L01013
SANGHVIMOV,EQ,INE989A01024
SANGINITA,SM,INE753W01010
SANOFI,EQ,INE058A01010
SANWARIA,EQ,INE890C01046
SARDAEN,EQ,INE385C01013
SAREGAMA,EQ,INE979A01017
SARLAPOLY,EQ,INE453D01025
SASKEN,EQ,INE231F01020
SASTASUNDR,EQ,INE019J01013
SATHAISPAT,EQ,INE176C01016
SATIN,EQ,INE836B01017
SBILIFE,EQ,INE123W01016
SBIN,EQ,INE062A01020
SBIN,N2,INE062A08025
SBIN,N5,INE062A08058
SCAPDVR,EQ,INE224E01036
SCHAEFFLER,EQ,INE513A01014
SCHAND,EQ,INE807K01035
SCHNEIDER,EQ,INE839M01018
SCI,EQ,INE109A01011
SDBL,EQ,INE480C01012
SEAMECLTD,EQ,INE497B01018
SEINV,EQ,INE420C01042
SELAN,EQ,INE818A01017
SELMCL,EQ,INE105I01012
SENSEXIWIN,EQ,INF346A01034
SEPOWER,BE,INE735M01018
SEQUENT,EQ,INE807F01027
SERVALL,BE,INE431L01016
SESHAPAPER,EQ,INE630A01016
SETCO,EQ,INE878E01021
SETF10GILT,EQ,INF200KA1JT1
SETFGOLD,EQ,INF200K01099
SETFNIF50,EQ,INF200KA1FS1
SETFNIFBK,EQ,INF200KA1580
SETFNN50,EQ,INF200KA1598
SEZAL,BE,INE955I01036
SFL,EQ,INE916U01025
SGBAUG24,GB,IN0020160027
SGBFEB24,GB,IN0020150101
SGBJUL25,GB,IN0020170034
SGBMAR24,GB,IN0020150119
SGBMAR25,GB,IN0020160126
SGBMAY25,GB,IN0020170018
SGBNOV23,GB,IN0020150085
SGBNOV24,GB,IN0020160076
SGBSEP24,GB,IN0020160043
SGL,EQ,INE353H01010
SHAHALLOYS,EQ,INE640C01011
SHAIVAL,SM,INE262S01010
SHAKTIPUMP,EQ,INE908D01010
SHALPAINTS,EQ,INE849C01026
SHANKARA,EQ,INE274V01019
SHANTI,SM,INE933X01016
SHANTIGEAR,EQ,INE631A01022
SHARDACROP,EQ,INE221J01015
SHARDAMOTR,EQ,INE597I01010
SHARIABEES,EQ,INF732E01128
SHARONBIO,BE,INE028B01029
SHEMAROO,EQ,INE363M01019
SHILPAMED,EQ,INE790G01031
SHILPI,EQ,INE510K01019
SHIRPUR-G,EQ,INE196B01016
SHIVAMAUTO,EQ,INE637H01024
SHIVTEX,EQ,INE705C01012
SHK,EQ,INE500L01026
SHOPERSTOP,EQ,INE498B01024
SHREECEM,EQ,INE070A01015
SHREEPUSHK,EQ,INE712K01011
SHREERAMA,EQ,INE879A01019
SHRENIK,SM,INE632X01014
SHRENUJ,BZ,INE633A01028
SHREYANIND,EQ,INE231C01019
SHREYAS,EQ,INE757B01015
SHRIPISTON,BE,INE526E01018
SHRIRAMCIT,EQ,INE722A01011
SHRIRAMCIT,ND,INE722A07471
SHRIRAMEPC,EQ,INE964H01014
SHYAMCENT,EQ,INE979R01011
SICAGEN,EQ,INE176J01011
SICAL,EQ,INE075B01012
SIEMENS,EQ,INE003A01024
SIGNET,EQ,INE529F01027
SIIL,SM,INE971P01012
SIKKO,SM,INE112X01017
SIL,BE,INE173A01025
SILINV,EQ,INE923A01015
SIMBHALS,EQ,INE748T01016
SIMPLEX,EQ,INE898F01018
SIMPLEXINF,EQ,INE059B01024
SINTEX,EQ,INE429C01035
SIS,EQ,INE285J01010
SITASHREE,EQ,INE686I01011
SITINET,EQ,INE965H01011
SIYSIL,EQ,INE076B01010
SJVN,EQ,INE002L01015
SKFINDIA,EQ,INE640A01023
SKIL,EQ,INE429F01012
SKIPPER,EQ,INE439E01022
SKMEGGPROD,EQ,INE411D01015
SKML,SM,INE672X01010
SMARTLINK,EQ,INE178C01020
SMLISUZU,EQ,INE294B01019
SMPL,EQ,INE215G01021
SMSLIFE,BE,INE320X01016
SMSPHARMA,EQ,INE812G01025
SNOWMAN,EQ,INE734N01019
SOBHA,EQ,INE671H01015
SOLARINDS,EQ,INE343H01029
SOMANYCERA,EQ,INE355A01028
SOMATEX,EQ,INE314C01013
SOMICONVEY,EQ,INE323J01019
SONASTEER,EQ,INE643A01035
SONATSOFTW,EQ,INE269A01021
SORILHOLD,BE,INE126M01010
SORILINFRA,EQ,INE034H01016
SOTL,EQ,INE035D01012
SOUTHBANK,EQ,INE683A01023
SPAL,EQ,INE212I01016
SPARC,EQ,INE232I01014
SPECIALITY,EQ,INE247M01014
SPENTEX,EQ,INE376C01020
SPHEREGSL,EQ,INE737B01033
SPIC,EQ,INE147A01011
SPICEMOBI,EQ,INE927C01020
SPLIL,EQ,INE978G01016
SPMLINFRA,EQ,INE937A01023
SPTL,EQ,INE501W01021
SPYL,BE,INE268L01020
SQSBFSI,EQ,INE201K01015
SREEL,EQ,INE099F01013
SREIBNPNCD,ND,INE881J07EG2
SREIBNPNCD,NF,INE881J07EC1
SREIBNPNCD,NJ,INE881J07EL2
SREIBNPNCD,NL,INE881J07EN8
SREIBNPNCD,NP,INE881J08581
SREIBNPNCD,NQ,INE881J08599
SREIBNPNCD,NU,INE881J08631
SREINFRA,EQ,INE872A01014
SREINFRA,Y5,INE872A07UF8
SREINFRA,Y7,INE872A07UH4
SRF,EQ,INE647A01010
SRHHYPOLTD,EQ,INE917H01012
SRIPIPES,EQ,INE943C01027
SRSLTD,EQ,INE219H01039
SRTRANSFIN,EQ,INE721A01013
SRTRANSFIN,NW,INE721A07FV5
SRTRANSFIN,Y3,INE721A07GT7
SRTRANSFIN,Y9,INE721A07HJ6
SRTRANSFIN,YA,INE721A07HK4
SRTRANSFIN,YB,INE721A07HL2
SSWL,EQ,INE802C01017
STAMPEDE,EQ,INE224E01028
STAN,DR,INE028L21018
STAR,EQ,INE939A01011
STARCEMENT,EQ,INE460H01021
STARPAPER,EQ,INE733A01018
STCINDIA,EQ,INE655A01013
STEELCITY,SM,INE395H01011
STEELXIND,EQ,INE503B01013
STEL,BE,INE577L01016
STERLINBIO,EQ,INE324C01038
STERTOOLS,EQ,INE334A01023
STINDIA,EQ,INE090C01019
STRTECH,EQ,INE089C01029
SUBEX,EQ,INE754A01014
SUBROS,EQ,INE287B01021
SUDARSCHEM,EQ,INE659A01023
SUJANAUNI,EQ,INE216G01011
SUMEETINDS,EQ,INE235C01010
SUMMITSEC,EQ,INE519C01017
SUNCLAYLTD,EQ,INE105A01035
SUNDARAM,EQ,INE108E01023
SUNDARMFIN,EQ,INE660A01013
SUNDRMBRAK,BE,INE073D01013
SUNDRMFAST,EQ,INE387A01021
SUNFLAG,EQ,INE947A01014
SUNILHITEC,EQ,INE305H01028
SUNPHARMA,EQ,INE044A01036
SUNTECK,EQ,INE805D01034
SUNTV,EQ,INE424H01027
SUPERHOUSE,EQ,INE712B01010
SUPERSPIN,EQ,INE662A01027
SUPPETRO,EQ,INE663A01017
SUPRAJIT,EQ,INE399C01030
SUPREMEIND,EQ,INE195A01028
SUPREMEINF,BE,INE550H01011
SUPREMETEX,EQ,INE651G01027
SURANAIND,EQ,INE659D01019
SURANASOL,EQ,INE272L01022
SURANAT&P,EQ,INE130B01031
SUREVIN,SM,INE082W01014
SURYALAXMI,EQ,INE713B01026
SURYAROSNI,EQ,INE335A01012
SUTLEJTEX,EQ,INE645H01027
SUVEN,EQ,INE495B01038
SUZLON,EQ,INE040H01021
SWANENERGY,EQ,INE665A01038
SWARAJENG,EQ,INE277A01016
SWELECTES,EQ,INE409B01013
SYMPHONY,EQ,INE225D01027
SYNCOM,EQ,INE602K01014
SYNDIBANK,EQ,INE667A01018
SYNGENE,EQ,INE398R01022
TAINWALCHM,EQ,INE123C01018
TAJGVK,EQ,INE586B01026
TAKE,EQ,INE142I01023
TALBROAUTO,EQ,INE187D01011
TALWALKARS,EQ,INE502K01016
TANLA,EQ,INE483C01032
TANTIACONS,BE,INE388G01018
TARAJEWELS,EQ,INE799L01016
TARAPUR,BE,INE747K01017
TARMAT,EQ,INE924H01018
TASTYBITE,EQ,INE488B01017
TATACHEM,EQ,INE092A01019
TATACOFFEE,EQ,INE493A01027
TATACOMM,EQ,INE151A01013
TATAELXSI,EQ,INE670A01012
TATAGLOBAL,EQ,INE192A01025
TATAINVEST,EQ,INE672A01018
TATAMETALI,EQ,INE056C01010
TATAMOTORS,EQ,INE155A01022
TATAMTRDVR,EQ,IN9155A01020
TATAPOWER,EQ,INE245A01021
TATASPONGE,EQ,INE674A01014
TATASTEEL,EQ,INE081A01012
TBZ,EQ,INE760L01018
TCFSL,N6,INE306N07BK0
TCFSL,N8,INE306N07BM6
TCI,EQ,INE688A01022
TCIDEVELOP,EQ,INE662L01016
TCIEXP,EQ,INE586V01016
TCIFINANCE,EQ,INE911B01018
TCS,EQ,INE467B01029
TDPOWERSYS,EQ,INE419M01019
TEAMLEASE,EQ,INE985S01024
TECHIN,BE,INE778A01021
TECHM,EQ,INE669C01036
TECHNO,EQ,INE286K01024
TECHNOFAB,EQ,INE509K01011
TEJASNET,EQ,INE010J01012
TERASOFT,EQ,INE482B01010
TEXINFRA,EQ,INE435C01024
TEXMOPIPES,EQ,INE141K01013
TEXRAIL,EQ,INE621L01012
TFCILTD,EQ,INE305A01015
TFL,EQ,INE804H01012
TGBHOTELS,EQ,INE797H01018
THANGAMAYL,BE,INE085J01014
THEJO,SM,INE121N01019
THEMISMED,EQ,INE083B01016
THERMAX,EQ,INE152A01029
THIRUSUGAR,EQ,INE409A01015
THOMASCOOK,EQ,INE332A01027
THOMASCOTT,BE,INE480M01011
THYROCARE,EQ,INE594H01019
TI,EQ,INE133E01013
TIDEWATER,EQ,INE484C01022
TIFIN,EQ,INE149A01033
TIIL,EQ,INE545H01011
TIJARIA,EQ,INE440L01017
TIL,EQ,INE806C01018
TIMESGTY,EQ,INE289C01025
TIMETECHNO,EQ,INE508G01029
TIMKEN,EQ,INE325A01013
TINPLATE,EQ,INE422C01014
TIPSINDLTD,EQ,INE716B01011
TIRUMALCHM,EQ,INE338A01016
TIRUPATI,SM,INE238Y01018
TITAN,EQ,INE280A01028
TMRVL,EQ,INE759V01019
TNPETRO,EQ,INE148A01019
TNPL,EQ,INE107A01015
TOKYOPLAST,EQ,INE932C01012
TORNTPHARM,EQ,INE685A01028
TORNTPOWER,EQ,INE813H01021
TOTAL,SM,INE336X01012
TPLPLASTEH,EQ,INE413G01014
TRANSWIND,SM,INE792X01016
TREEHOUSE,EQ,INE040M01013
TRENT,EQ,INE849A01020
TRF,EQ,INE391D01019
TRIDENT,EQ,INE064C01014
TRIGYN,EQ,INE948A01012
TRIL,EQ,INE763I01026
TRITURBINE,EQ,INE152M01016
TRIVENI,EQ,INE256C01024
TTKHLTCARE,EQ,INE910C01018
TTKPRESTIG,EQ,INE690A01010
TTL,EQ,INE592B01016
TTML,EQ,INE517B01013
TULSI,EQ,INE474I01012
TV18BRDCST,EQ,INE886H01027
TVSELECT,EQ,INE236G01019
TVSMOTOR,EQ,INE494B01023
TVSSRICHAK,EQ,INE421C01016
TVTODAY,EQ,INE038F01029
TVVISION,EQ,INE871L01013
TWL,EQ,INE615H01020
UBHOLDINGS,BZ,INE696A01025
UBL,EQ,INE686F01025
UCALFUEL,EQ,INE139B01016
UCOBANK,EQ,INE691A01018
UFLEX,EQ,INE516A01017
UFO,EQ,INE527H01019
UGARSUGAR,EQ,INE071E01023
UJAAS,EQ,INE899L01022
UJJIVAN,EQ,INE334L01012
ULTRACEMCO,EQ,INE481G01011
UMANGDAIRY,EQ,INE864B01027
UNICHEMLAB,EQ,INE351A01035
UNIENTER,EQ,INE037A01022
UNIONBANK,EQ,INE692A01016
UNIPLY,EQ,INE950G01015
UNITECH,EQ,INE694A01020
UNITEDBNK,EQ,INE695A01019
UNITEDTEA,EQ,INE458F01011
UNITY,EQ,INE466H01028
UNIVCABLES,EQ,INE279A01012
UPL,EQ,INE628A01036
UPL,Q1,INE628A03024
URJA,BE,INE550C01020
USHAMART,EQ,INE228A01035
USHERAGRO,EQ,INE235G01011
UTINEXT50,EQ,INF789FC1N82
UTINIFTETF,EQ,INF789FB1X41
UTISENSETF,EQ,INF789FB1X58
UTTAMSTL,EQ,INE699A01011
UTTAMSUGAR,BE,INE786F01031
UVSL,BE,INE292A01023
V2RETAIL,EQ,INE945H01013
VADILALIND,EQ,INE694D01016
VAIBHAVGBL,EQ,INE884A01019
VAKRANGEE,EQ,INE051B01021
VALUEIND,EQ,INE352A01017
VARDHACRLC,EQ,INE116G01013
VARDMNPOLY,EQ,INE835A01011
VASCONEQ,EQ,INE893I01013
VASWANI,EQ,INE590L01019
VBL,EQ,INE200M01013
VEDL,EQ,INE205A01025
VEDL,P1,INE205A04011
VENKEYS,EQ,INE398A01010
VENUSREM,EQ,INE411B01019
VESUVIUS,EQ,INE386A01015
VETO,EQ,INE918N01018
VGUARD,EQ,INE951I01027
VHL,EQ,INE701A01023
VICEROY,EQ,INE048C01017
VIDEOIND,EQ,INE703A01011
VIDHIING,EQ,INE632C01026
VIJAYABANK,EQ,INE705A01016
VIJSHAN,EQ,INE806F01011
VIKASECO,EQ,INE806A01020
VIMALOIL,BE,INE067D01015
VIMTALABS,EQ,INE579C01029
VINATIORGA,EQ,INE410B01029
VINDHYATEL,EQ,INE707A01012
VINYLINDIA,EQ,INE250B01029
VIPCLOTHNG,EQ,INE450G01024
VIPIND,EQ,INE054A01027
VIPULLTD,EQ,INE946H01037
VISAKAIND,EQ,INE392A01013
VISASTEEL,EQ,INE286H01012
VISHNU,EQ,INE270I01014
VIVIDHA,EQ,INE370E01029
VIVIMEDLAB,EQ,INE526G01021
VLSFINANCE,EQ,INE709A01018
VMART,EQ,INE665J01013
VOLTAMP,EQ,INE540H01012
VOLTAS,EQ,INE226A01021
VRLLOG,EQ,INE366I01010
VSCL,SM,INE551Q01028
VSSL,EQ,INE050M01012
VSTIND,EQ,INE710A01016
VSTTILLERS,EQ,INE764D01017
VTL,EQ,INE825A01012
WABAG,EQ,INE956G01038
WABCOINDIA,EQ,INE342J01019
WALCHANNAG,EQ,INE711A01022
WANBURY,BE,INE107F01022
WEBELSOLAR,EQ,INE855C01015
WEIZFOREX,EQ,INE726L01019
WEIZMANIND,EQ,INE080A01014
WELCORP,EQ,INE191B01025
WELENT,EQ,INE625G01013
WELINV,BE,INE389K01018
WELSPUNIND,EQ,INE192B01031
WENDT,EQ,INE274C01019
WHEELS,EQ,INE715A01015
WHIRLPOOL,EQ,INE716A01013
WILLAMAGOR,EQ,INE210A01017
WINDMACHIN,EQ,INE052A01021
WINSOME,EQ,INE784B01035
WIPL,BE,INE215F01023
WIPRO,EQ,INE075A01022
WOCKPHARMA,EQ,INE049B01025
WONDERLA,EQ,INE066O01014
WORTH,SM,INE196Y01018
WSI,EQ,INE100D01014
WSTCSTPAPR,EQ,INE976A01021
XCHANGING,EQ,INE692G01013
XLENERGY,EQ,INE183H01011
XPROINDIA,EQ,INE445C01015
YESBANK,EQ,INE528G01027
ZANDUREALT,EQ,INE719A01017
ZEEL,EQ,INE256A01028
ZEEL,P2,INE256A04022
ZEELEARN,EQ,INE565L01011
ZEEMEDIA,BE,INE966H01019
ZENITHEXPO,EQ,INE058B01018
ZENSARTECH,EQ,INE520A01019
ZENTEC,EQ,INE251B01027
ZICOM,EQ,INE871B01014
ZODIACLOTH,EQ,INE206B01013
ZODJRDMKJ,BE,INE077B01018
ZOTA,SM,INE358U01012
ZUARI,EQ,INE840M01016
ZUARIGLOB,EQ,INE217A01012
ZYDUSWELL,EQ,INE768C01010
ZYLOG,EQ,INE225I01026